table-lamps,lighting,//cdn.shopify.com/s/files/1/1089/1214/collections/table-lamp_large.jpg?v=1592809470
hurricane-lamps-and-candelabras,lighting,//cdn.shopify.com/s/files/1/1089/1214/collections/hurricane_large.jpg?v=1592876146
ceiling-lights,lighting,//cdn.shopify.com/s/files/1/1089/1214/collections/ceilinglights_large.jpg?v=1592809080
chandeliers,lighting,//cdn.shopify.com/s/files/1/1089/1214/collections/23_large.png?v=1592809029
floor-lamps,lighting,//cdn.shopify.com/s/files/1/1089/1214/collections/floorlamps_large.jpg?v=1592809117
wall-lights,lighting,//cdn.shopify.com/s/files/1/1089/1214/collections/wall-lamps_large.jpg?v=1477451342
chairs-and-seating,furniture,//cdn.shopify.com/s/files/1/1089/1214/collections/chairs-and-seating_large.jpg?v=1592891963
tables,furniture,//cdn.shopify.com/s/files/1/1089/1214/collections/tables_e2083375-eab8-4ced-9770-3ac044025b9f_large.jpg?v=1592893134
storage,furniture,//cdn.shopify.com/s/files/1/1089/1214/collections/storage_18323929-116f-4f3c-bc71-fa3bde001c5a_large.jpg?v=1592891465
miscellaneous,furniture,//cdn.shopify.com/s/files/1/1089/1214/collections/misc_large.jpg?v=1592894775
bedroom-furniture,furniture,https://cdn.shopify.com/s/files/1/1089/1214/files/bedroom-furniture_480x480.png?v=1592895188
artificial-flowers-and-trees,home-decor,//cdn.shopify.com/s/files/1/1089/1214/collections/plant_large.png?v=1592964346
wall-clocks,home-decor,//cdn.shopify.com/s/files/1/1089/1214/collections/60_large.png?v=1592961625
cushions-throws-and-quilts,home-decor,//cdn.shopify.com/s/files/1/1089/1214/collections/cushions_large.png?v=1592956310
decorator-pieces,home-decor,//cdn.shopify.com/s/files/1/1089/1214/collections/62_large.png?v=1592961692
designer-doormats,home-decor,//cdn.shopify.com/s/files/1/1089/1214/collections/doormat1_large.png?v=1592955669
room-dividers,home-decor,//cdn.shopify.com/s/files/1/1089/1214/products/shopify_38999_271b5f8c-a208-4a60-b3d2-f639cb8864cd_large.jpg?v=1592370310
water-features,home-decor,//cdn.shopify.com/s/files/1/1089/1214/products/shopify_c7db46ad886ae97a52c9befcd911e37d_venetian-wall-fountain_large.jpg?v=1611704026
designer-rugs,home-decor,//cdn.shopify.com/s/files/1/1089/1214/collections/rug_large.png?v=1592881829
decorative-mirrors,home-decor,//cdn.shopify.com/s/files/1/1089/1214/collections/mirrors_large.jpg?v=1592882163
lighting,home-decor,//cdn.shopify.com/s/files/1/1089/1214/collections/table-lamp_large.jpg?v=1592809470
outdoor-accessories,home-decor,//cdn.shopify.com/s/files/1/1089/1214/collections/outdoor-accessories_7eccd0ed-1a9e-47cb-96f0-ca3036e07ed3_large.png?v=1477466490
round-mirrors,home-decor,//cdn.shopify.com/s/files/1/1089/1214/collections/58_large.png?v=1592959587
paintings,home-decor,//cdn.shopify.com/s/files/1/1089/1214/collections/art_canvas_large.png?v=1592958530
benches,home-decor,//cdn.shopify.com/s/files/1/1089/1214/collections/56_large.png?v=1592959544
outdoor-accessories,outdoor-garden,//cdn.shopify.com/s/files/1/1089/1214/collections/outdoor-accessories_7eccd0ed-1a9e-47cb-96f0-ca3036e07ed3_large.png?v=1477466490
outdoor-seating,outdoor-garden,//cdn.shopify.com/s/files/1/1089/1214/collections/outdoor-seating_large.jpg?v=1592877148
outdoor-tables,outdoor-garden,//cdn.shopify.com/s/files/1/1089/1214/collections/outdoorsetting_large.jpg?v=1592876884
