category-bar-tables,miscellaneous
category-cabinets-and-sideboards,miscellaneous
category-clearance,miscellaneous
category-decor,miscellaneous
category-decorator-pieces,miscellaneous
category-drinks-trolleys,miscellaneous
category-furniture,miscellaneous
category-furniture-furniture-collections-wrought-iron-furniture,miscellaneous
category-furniture-collections,miscellaneous
category-home-decor,miscellaneous
category-industrial-furniture,miscellaneous
category-mirrored-furniture,miscellaneous
category-miscellaneous,miscellaneous
category-occasional-tables,miscellaneous
category-other-furniture-items,miscellaneous
category-outdoor-garden,miscellaneous
category-rattan-and-bamboo-furniture,miscellaneous
category-shelving-units-and-libraries,miscellaneous
category-storage,miscellaneous
category-tables,miscellaneous
category-whats-hot,miscellaneous
category-wrought-iron-furniture,miscellaneous
category-clearance,floor-lamps
category-floor-lamps,floor-lamps
category-furniture,floor-lamps
category-furniture-collections,floor-lamps
category-lighting,floor-lamps
category-limited-2,floor-lamps
category-rattan-and-bamboo-furniture,floor-lamps
category-whats-hot,floor-lamps
category-clearance,wall-clocks
category-clocks,wall-clocks
category-decor,wall-clocks
category-home-decor,wall-clocks
category-whats-hot,wall-clocks
category-decor,designer-doormats
category-designer-doormats,designer-doormats
category-home-decor,designer-doormats
category-bone-inlay-furniture,round-mirrors
category-clearance,round-mirrors
category-decor,round-mirrors
category-furniture,round-mirrors
category-furniture-collections,round-mirrors
category-mirrors,round-mirrors
category-rattan-and-bamboo-furniture,round-mirrors
category-round-mirrors,round-mirrors
category-wall-mirrors,round-mirrors
category-whats-hot,round-mirrors
category,chairs-and-seating
category-bar-stools,chairs-and-seating
category-bar-tables,chairs-and-seating
category-bedroom-furniture,chairs-and-seating
category-beds,chairs-and-seating
category-benches,chairs-and-seating
category-bone-inlay-furniture,chairs-and-seating
category-chairs-and-seating,chairs-and-seating
category-chaise-lounge-daybeds,chairs-and-seating
category-chest-of-drawers,chairs-and-seating
category-chest-of-drawers-and-commodes,chairs-and-seating
category-chesterfield-sofas,chairs-and-seating
category-clearance,chairs-and-seating
category-coffee-tables,chairs-and-seating
category-cushions,chairs-and-seating
category-decor,chairs-and-seating
category-desk-chairs,chairs-and-seating
category-dining-chairs,chairs-and-seating
category-fb-chairs-and-seating,chairs-and-seating
category-furniture,chairs-and-seating
category-furniture-collections,chairs-and-seating
category-home-decor,chairs-and-seating
category-industrial-furniture,chairs-and-seating
category-leather-sofas,chairs-and-seating
category-lounges-and-daybeds,chairs-and-seating
category-low-stools,chairs-and-seating
category-modular-sofas,chairs-and-seating
category-occasional-chairs,chairs-and-seating
category-occasional-tables,chairs-and-seating
category-occassional-chairs,chairs-and-seating
category-ottomans,chairs-and-seating
category-ottomans-and-footstools,chairs-and-seating
category-outdoor-garden,chairs-and-seating
category-outdoor-dining-sets,chairs-and-seating
category-outdoor-seating,chairs-and-seating
category-outdoor-settings,chairs-and-seating
category-outdoor-tables,chairs-and-seating
category-rattan-and-bamboo-furniture,chairs-and-seating
category-side-tables,chairs-and-seating
category-sofas,chairs-and-seating
category-stools,chairs-and-seating
category-storage,chairs-and-seating
category-tables,chairs-and-seating
category-trunks,chairs-and-seating
category-whats-hot,chairs-and-seating
category-wrought-iron-furniture,chairs-and-seating
category-bedroom-furniture,storage
category-bedside-table,storage
category-bone-inlay-furniture,storage
category-cabinets-and-sideboards,storage
category-chairs-and-seating,storage
category-chest-of-drawers,storage
category-chest-of-drawers-and-commodes,storage
category-clearance,storage
category-coffee-tables,storage
category-console-tables,storage
category-cupboards-and-armoires,storage
category-decor,storage
category-decorator-pieces,storage
category-furniture,storage
category-furniture-furniture-collections-wrought-iron-furniture,storage
category-furniture-collections,storage
category-home-decor,storage
category-industrial-furniture,storage
category-limited,storage
category-mirrored-furniture,storage
category-miscellaneous,storage
category-occasional-tables,storage
category-other-furniture-items,storage
category-ottomans-and-footstools,storage
category-rattan-and-bamboo-furniture,storage
category-shelving-units-and-libraries,storage
category-storage,storage
category-tables,storage
category-trunks,storage
category-tv-units,storage
category-whats-hot,storage
category-wrought-iron-furniture,storage
category-clearance,table-lamps
category-furniture,table-lamps
category-furniture-collections,table-lamps
category-lighting,table-lamps
category-limited-2,table-lamps
category-rattan-and-bamboo-furniture,table-lamps
category-table-lamps,table-lamps
category-whats-hot,table-lamps
category-decor,room-dividers
category-furniture,room-dividers
category-furniture-collections,room-dividers
category-home-decor,room-dividers
category-outdoor-garden,room-dividers
category-outdoor-accessories,room-dividers
category-outdoor-art,room-dividers
category-rattan-and-bamboo-furniture,room-dividers
category-room-dividers,room-dividers
category,paintings
category-art,paintings
category-clearance,paintings
category-decor,paintings
category-paintings,paintings
category-whats-hot,paintings
category-bone-inlay-furniture,decorative-mirrors
category-clearance,decorative-mirrors
category-decor,decorative-mirrors
category-floor-mirrors,decorative-mirrors
category-furniture,decorative-mirrors
category-furniture-collections,decorative-mirrors
category-lighting,decorative-mirrors
category-limited,decorative-mirrors
category-mirrors,decorative-mirrors
category-rattan-and-bamboo-furniture,decorative-mirrors
category-round-mirrors,decorative-mirrors
category-wall-mirrors,decorative-mirrors
category-whats-hot,decorative-mirrors
category-bar-stools,outdoor-tables
category-bar-tables,outdoor-tables
category-chairs-and-seating,outdoor-tables
category-clearance,outdoor-tables
category-coffee-tables,outdoor-tables
category-console-tables,outdoor-tables
category-dining-and-bar-tables,outdoor-tables
category-dining-tables,outdoor-tables
category-furniture,outdoor-tables
category-furniture-collections,outdoor-tables
category-low-stools,outdoor-tables
category-nesting-tables,outdoor-tables
category-occasional-tables,outdoor-tables
category-outdoor-garden,outdoor-tables
category-outdoor-dining-sets,outdoor-tables
category-outdoor-seating,outdoor-tables
category-outdoor-tables,outdoor-tables
category-rattan-and-bamboo-furniture,outdoor-tables
category-side-tables,outdoor-tables
category-stools,outdoor-tables
category-tables,outdoor-tables
category-whats-hot,outdoor-tables
category-wrought-iron-furniture,outdoor-tables
category-outdoor-garden,water-features
category-outdoor-accessories,water-features
category-water-features,water-features
category-benches,benches
category-chairs-and-seating,benches
category-clearance,benches
category-furniture,benches
category-furniture-collections,benches
category-industrial-furniture,benches
category-ottomans-and-footstools,benches
category-outdoor-garden,benches
category-outdoor-seating,benches
category-rattan-and-bamboo-furniture,benches
category-sofas,benches
category-whats-hot,benches
category-wrought-iron-furniture,benches
category-adorabella,cushions-throws-and-quilts
category-chairs-and-seating,cushions-throws-and-quilts
category-clearance,cushions-throws-and-quilts
category-cushions,cushions-throws-and-quilts
category-decor,cushions-throws-and-quilts
category-furniture,cushions-throws-and-quilts
category-home-decor,cushions-throws-and-quilts
category-italian-pots,cushions-throws-and-quilts
category-ottomans-and-footstools,cushions-throws-and-quilts
category-outdoor-garden,cushions-throws-and-quilts
category-outdoor-accessories,cushions-throws-and-quilts
category-outdoor-cushions,cushions-throws-and-quilts
category-whats-hot,cushions-throws-and-quilts
category-ceiling-lights,ceiling-lights
category-chandeliers,ceiling-lights
category-clearance,ceiling-lights
category-furniture,ceiling-lights
category-furniture-collections,ceiling-lights
category-industrial-furniture,ceiling-lights
category-lighting,ceiling-lights
category-limited-2,ceiling-lights
category-wall-lights,ceiling-lights
category-whats-hot,ceiling-lights
category-art,chandeliers
category-ceiling-lights,chandeliers
category-chandeliers,chandeliers
category-clearance,chandeliers
category-decor,chandeliers
category-lighting,chandeliers
category-limited-2,chandeliers
category-photographs,chandeliers
category-childrens-rugs,designer-rugs
category-clearance,designer-rugs
category-cotton-jute-rugs,designer-rugs
category-decor,designer-rugs
category-designer-rugs,designer-rugs
category-outdoor-rugs,designer-rugs
category-rug-promo-save-10,designer-rugs
category-rugs,designer-rugs
category-whats-hot,designer-rugs
category-artificial-flowers-and-trees,artificial-flowers-and-trees
category-clearance,artificial-flowers-and-trees
category-decor,artificial-flowers-and-trees
category-home-decor,artificial-flowers-and-trees
category-whats-hot,artificial-flowers-and-trees
category-ceiling-lights,wall-lights
category-christmas-decor,wall-lights
category-clearance,wall-lights
category-furniture,wall-lights
category-lighting,wall-lights
category-limited-2,wall-lights
category-wall-lights,wall-lights
category-whats-hot,wall-lights
category-art,outdoor-accessories
category-cushions,outdoor-accessories
category-decor,outdoor-accessories
category-french-pots,outdoor-accessories
category-home-decor,outdoor-accessories
category-italian-pots,outdoor-accessories
category-outdoor-garden,outdoor-accessories
category-outdoor-accessories,outdoor-accessories
category-outdoor-art,outdoor-accessories
category-outdoor-cushions,outdoor-accessories
category-outdoor-heaters,outdoor-accessories
category-planters,outdoor-accessories
category-room-dividers,outdoor-accessories
category-sculpture-and-statues,outdoor-accessories
category-wall-panels,outdoor-accessories
category-water-features,outdoor-accessories
category-wrought-iron-furniture,outdoor-accessories
category-clearance,hurricane-lamps-and-candelabras
category-decor,hurricane-lamps-and-candelabras
category-decorator-pieces,hurricane-lamps-and-candelabras
category-home-decor,hurricane-lamps-and-candelabras
category-hurricane-lamps-and-candelabras,hurricane-lamps-and-candelabras
category-lighting,hurricane-lamps-and-candelabras
category-limited-2,hurricane-lamps-and-candelabras
category-bar-stools,tables
category-bar-tables,tables
category-bedroom-furniture,tables
category-bedside-table,tables
category-bone-inlay-furniture,tables
category-butlers-trays,tables
category-cabinets-and-sideboards,tables
category-chairs-and-seating,tables
category-chest-of-drawers,tables
category-chest-of-drawers-and-commodes,tables
category-christmas-decor,tables
category-clearance,tables
category-coffee-tables,tables
category-console-tables,tables
category-desks,tables
category-dining-and-bar-tables,tables
category-dining-tables,tables
category-drinks-trolleys,tables
category-furniture,tables
category-furniture-collections,tables
category-industrial-furniture,tables
category-limited,tables
category-low-stools,tables
category-mirrored-furniture,tables
category-miscellaneous,tables
category-nesting-tables,tables
category-occasional-tables,tables
category-other-furniture-items,tables
category-ottomans-and-footstools,tables
category-outdoor-garden,tables
category-outdoor-dining-sets,tables
category-outdoor-seating,tables
category-outdoor-tables,tables
category-rattan-and-bamboo-furniture,tables
category-shelving-units-and-libraries,tables
category-side-tables,tables
category-stools,tables
category-storage,tables
category-tables,tables
category-trunks,tables
category-whats-hot,tables
category-wrought-iron-furniture,tables
category-bar-stools,outdoor-seating
category-benches,outdoor-seating
category-chairs-and-seating,outdoor-seating
category-chaise-lounge-daybeds,outdoor-seating
category-clearance,outdoor-seating
category-desk-chairs,outdoor-seating
category-dining-chairs,outdoor-seating
category-furniture,outdoor-seating
category-furniture-collections,outdoor-seating
category-lounges-and-daybeds,outdoor-seating
category-low-stools,outdoor-seating
category-occasional-chairs,outdoor-seating
category-occasional-tables,outdoor-seating
category-occassional-chairs,outdoor-seating
category-ottomans,outdoor-seating
category-ottomans-and-footstools,outdoor-seating
category-outdoor-garden,outdoor-seating
category-outdoor-seating,outdoor-seating
category-outdoor-settings,outdoor-seating
category-outdoor-tables,outdoor-seating
category-rattan-and-bamboo-furniture,outdoor-seating
category-side-tables,outdoor-seating
category-sofas,outdoor-seating
category-stools,outdoor-seating
category-tables,outdoor-seating
category-whats-hot,outdoor-seating
category-wrought-iron-furniture,outdoor-seating
category-art,decorator-pieces
category-clearance,decorator-pieces
category-decor,decorator-pieces
category-decorator-pieces,decorator-pieces
category-furniture,decorator-pieces
category-furniture-furniture-collections-wrought-iron-furniture,decorator-pieces
category-furniture-collections,decorator-pieces
category-home-decor,decorator-pieces
category-hurricane-lamps-and-candelabras,decorator-pieces
category-industrial-furniture,decorator-pieces
category-lighting,decorator-pieces
category-miscellaneous,decorator-pieces
category-other-furniture-items,decorator-pieces
category-outdoor-garden,decorator-pieces
category-rattan-and-bamboo-furniture,decorator-pieces
category-sculpture-and-statues,decorator-pieces
category-shelving-units-and-libraries,decorator-pieces
category-storage,decorator-pieces
category-trunks,decorator-pieces
category-whats-hot,decorator-pieces
category-wrought-iron-furniture,decorator-pieces
